,title,cat
0,"중앙일보성김 美대북대표, 외교·통일장관 예방…“긴밀한 한미공조”",100
1,"이데일리성김 美대북대표, 박진 면담… 尹정부 출범 후 공조 논의",100
2,"서울경제박진, 성 김 만나 ""한미 정상회담 조기 개최 협의""",100
3,"아시아경제尹당선인 ""임기 중 첫번째 정책 방향은 풀 수 있는 규제는 다 푼다는 것""",100
4,"JTBC윤 당선인 ""임기 중에 풀 수 있는 규제는 다 풀겠다""",100
5,"MBC윤 당선인 ""임기 중 풀 수 있는 규제 다 풀 것""",100
6,"중앙일보文, 전직 장관과 靑오찬 ""혼신의 힘 다했다…세계가 한국 찬사""",100
7,"머니투데이文대통령 ""퇴임후 현실정치 관여않고 보통시민으로 살 것""",100
8,"노컷뉴스文대통령 前장관들 靑 불러 한 말? ""퇴임 후 은둔하지 않을 것""",100
9,서울경제정의당 ‘검수완박’…‘1년 유예’ 중재안 제시,100
10,"디지털타임스배진교 ""검수완박 입법 이후 최소 1년 유예 필요""",100
11,"한겨레정의당 ‘검찰 수사권 분리법, 1년 유예’ 중재안 제시",100
12,채널A[여랑야랑]김용민 “국회가 우습나” / 연장자 나와라 / 사라지는 일자리 상황판,100
13,채널A[여랑야랑]김진태 ‘빠른 듯 안 빠른’ 사과 / 노란 스카프 맨 김건희 / ‘계곡 사건’ 음모론 역풍,100
14,채널A[여랑야랑]정호영의 ‘조국 데자뷰’ / 데스노트 대신 입법노트,100
15,데일리안5월부터 모든 학교 정상등교…수학여행도 간다,102
16,노컷뉴스다음달부터 충북도내 모든 학교 일상회복,102
17,KBS코로나19 일상회복 시동…학교 문 활짝 열린다,102
18,"이데일리국립산림과학원, 동해안 일대에 대형산불위험예보 발령",102
19,YTN오늘부터 영동에 또 '양간지풍'...대형산불주의보 발령,102
20,뉴스120∼22일 동해안 일대 대형산불주의보,102
21,뉴시스창녕에 산불…산림당국 진화 중,102
22,KBS강원 영월군 북면 산불 5시간 만에 진화…인공 강우 시험 중 화재,102
23,연합뉴스TV영월서 인공강우 연소시험 중 산불…5시간만에 진화,102
24,문화일보‘10시간 밤샘토론’… 입법 강행 땐 ‘평검사 전원사직’ 의견도,102
25,"뉴스1[영상] 평검사 207명 ""검수완박은 범죄방치법, 검사 손 발 묶어 피해자에게 고통 줄 것""",102
26,국민일보전국 평검사 207명 ‘검수완박’ 난상토론… 총장은 국회서 호소,102
27,"노컷뉴스[씨리얼]김예지 ""사회통합…어려워도 그게 정치가 해야 할 역할""",102
28,"노컷뉴스[씨리얼]두 절단 환자, 그들이 겪었던 똑닮은 사고",102
29,노컷뉴스[씨리얼]20대라면 투표장 가기 전 알아야 할 대선 공약 #5. 여성,102
30,이데일리건조한 날씨 이어져…밤부터 더 거세지는 바람[내일날씨],103
31,KBS건조한 날씨에 강풍…내일 아침부터 남해안·제주도에 비 조금,103
32,아시아경제큰 일교차·대기 건조…밤부터 강원영동·경북산지 강풍[내일날씨],103
33,"조선일보차이콥스키 콩쿠르, 국제 무대서 퇴출...“러 야만적 전쟁 용납 못해”",103
34,"서울신문러시아 차이콥스키 콩쿠르, 우크라이나 사태로 ‘국제 콩쿠르 연맹’ 회원 자격 박탈",103
35,"연합뉴스러 차이콥스키 콩쿠르, 우크라 사태에 콩쿠르연맹 회원자격 박탈",103
36,"연합뉴스[여행honey] '부'드러운 봄바람, '산'뜻한 바닷바람 찾아 부산으로",103
37,연합뉴스[여행honey] 세계 8대 불가사의 '시기리야 락'의 눈물,103
38,연합뉴스[여행honey] 등린이가 간다 - 월출산 편,103
39,"주간경향한층 진보된 시력교정술, 스마일라식[건강설계]",103
40,주간경향맞춤형 치료로 노안 극복하자[건강설계],103
41,"주간경향스마트폰에 지친 눈, 잠시 휴식을[건강설계]",103
42,YTN美 마스크 의무화 해제 확산...우버도 조치 종료,104
43,"SBS""와~ 마스크 벗는다!"" vs ""시기상조""…엇갈린 미국 반응",104
44,KBS美 대중교통 잇단 ‘마스크 해제’…반응 엇갈려,104
45,서울경제[영상] 태극기에 코로나 CG…선 넘은 대만방송,104
46,"뉴스1태극기에 코로나 스파이크 '콕콕'…대만 방송사, 韓·中 2개국어 사과",104
47,헤럴드경제[영상]‘태극기+코로나CG 합성’ 대만 방송사 “제작 미숙 인정”,104
48,"한국일보넷플릭스 가입자 첫 감소 전환… 집콕 끝, 감소세 가팔라진다",104
49,"파이낸셜뉴스넷플릭스, 가입자 20만명 감소...경쟁심화로 역풍 더 거세질 전망",104
50,한국경제TV`OTT 황제` 넷플릭스 위기론…가입자 감소 돌파구는?  [GO WEST],104
51,연합뉴스[특파원 시선] '태양절'은 지나갔지만…'北 핵·ICBM 버튼' 숨죽인 美,104
52,연합뉴스[특파원시선] 年 1억2천만원 日국회의원 교통통신비 용두사미 개혁,104
53,연합뉴스[특파원 시선] 전직 대통령 지지에도 웃지 못하는 마크롱,104
